State,Total population,Number in poverty,Margin of error (±) (29),Percent in poverty,Margin of error (±) (29),Year
Alabama,"5,042",822,141,16.3,2.8,"2,024"
Alaska,720,68,13,9.4,1.8,"2,024"
Arizona,"7,567",761,124,10.1,1.7,"2,024"
Arkansas,"3,011",398,72,13.2,2.4,"2,024"
California,"39,440","4,095",351,10.4,0.9,"2,024"
Colorado,"5,895",451,116,7.6,2.0,"2,024"
Connecticut,"3,658",332,84,9.1,2.3,"2,024"
Delaware,"1,044",87,21,8.3,2.0,"2,024"
District of Columbia,696,77,14,11.1,2.1,"2,024"
Florida,"23,460","2,687",265,11.5,1.1,"2,024"
Georgia,"11,120","1,408",217,12.7,1.9,"2,024"
Hawaii,"1,414",122,26,8.6,1.9,"2,024"
Idaho,"1,972",161,30,8.2,1.5,"2,024"
Illinois,"12,630","1,473",173,11.7,1.4,"2,024"
Indiana,"6,848",589,129,8.6,1.9,"2,024"
Iowa,"3,240",257,52,7.9,1.6,"2,024"
Kansas,"2,958",219,56,7.4,1.9,"2,024"
Kentucky,"4,575",712,112,15.6,2.5,"2,024"
Louisiana,"4,551",911,105,20.0,2.3,"2,024"
Maine,"1,396",102,29,7.3,2.1,"2,024"
Maryland,"6,230",449,120,7.2,1.9,"2,024"
Massachusetts,"7,067",626,94,8.9,1.3,"2,024"
Michigan,"10,010","1,143",178,11.4,1.7,"2,024"
Minnesota,"5,802",404,102,7.0,1.7,"2,024"
Mississippi,"2,917",521,79,17.9,2.6,"2,024"
Missouri,"6,267",592,149,9.4,2.4,"2,024"
Montana,"1,140",87,23,7.7,2.1,"2,024"
Nebraska,"1,994",135,32,6.8,1.6,"2,024"
Nevada,"3,296",396,71,12.0,2.2,"2,024"
New Hampshire,"1,381",82,21,5.9,1.5,"2,024"
New Jersey,"9,350",903,177,9.7,1.9,"2,024"
New Mexico,"2,120",301,68,14.2,3.2,"2,024"
New York,"19,560","2,159",259,11.0,1.3,"2,024"
North Carolina,"10,860","1,537",233,14.2,2.1,"2,024"
North Dakota,773,65,12,8.4,1.5,"2,024"
Ohio,"11,630","1,211",164,10.4,1.4,"2,024"
Oklahoma,"3,962",456,77,11.5,1.9,"2,024"
Oregon,"4,229",371,89,8.8,2.1,"2,024"
Pennsylvania,"12,850","1,223",147,9.5,1.2,"2,024"
Rhode Island,"1,116",117,25,10.5,2.3,"2,024"
South Carolina,"5,492",612,91,11.1,1.7,"2,024"
South Dakota,909,83,20,9.1,2.2,"2,024"
Tennessee,"7,108",651,117,9.2,1.7,"2,024"
Texas,"31,020","3,435",294,11.1,1.0,"2,024"
Utah,"3,501",263,56,7.5,1.6,"2,024"
Vermont,642,46,11,7.2,1.7,"2,024"
Virginia,"8,685",704,167,8.1,1.9,"2,024"
Washington,"7,985",784,133,9.8,1.7,"2,024"
West Virginia,"1,718",225,33,13.1,1.9,"2,024"
Wisconsin,"5,840",522,151,8.9,2.6,"2,024"
Wyoming,575,44,9,7.7,1.6,"2,024"
Alabama,"4,995",711,114,14.2,2.3,"2,023"
Alaska,717,72,11,10.1,1.5,"2,023"
Arizona,"7,210",861,160,11.9,2.2,"2,023"
Arkansas,"3,011",416,56,13.8,1.9,"2,023"
California,"38,550","4,568",329,11.9,0.8,"2,023"
Colorado,"5,876",498,98,8.5,1.7,"2,023"
Connecticut,"3,620",301,68,8.3,1.9,"2,023"
Delaware,"1,034",81,20,7.8,1.9,"2,023"
District of Columbia,677,86,17,12.7,2.5,"2,023"
Florida,"22,630","2,622",276,11.6,1.2,"2,023"
Georgia,"11,040","1,427",213,12.9,2.0,"2,023"
Hawaii,"1,415",116,28,8.2,2.0,"2,023"
Idaho,"1,957",178,26,9.1,1.4,"2,023"
Illinois,"12,540","1,224",191,9.8,1.5,"2,023"
Indiana,"6,832",566,95,8.3,1.4,"2,023"
Iowa,"3,191",254,70,8.0,2.2,"2,023"
Kansas,"2,889",254,56,8.8,1.9,"2,023"
Kentucky,"4,445",603,118,13.6,2.5,"2,023"
Louisiana,"4,482",964,97,21.5,2.2,"2,023"
Maine,"1,392",103,32,7.4,2.3,"2,023"
Maryland,"6,197",550,133,8.9,2.2,"2,023"
Massachusetts,"6,925",632,102,9.1,1.4,"2,023"
Michigan,"9,936","1,199",162,12.1,1.6,"2,023"
Minnesota,"5,779",417,89,7.2,1.5,"2,023"
Mississippi,"2,896",462,62,16.0,2.0,"2,023"
Missouri,"6,070",590,131,9.7,2.1,"2,023"
Montana,"1,132",92,19,8.1,1.7,"2,023"
Nebraska,"1,966",181,48,9.2,2.4,"2,023"
Nevada,"3,234",449,72,13.9,2.3,"2,023"
New Hampshire,"1,365",83,20,6.1,1.5,"2,023"
New Jersey,"9,240",827,148,9.0,1.6,"2,023"
New Mexico,"2,082",361,77,17.3,3.7,"2,023"
New York,"19,240","2,122",220,11.0,1.1,"2,023"
North Carolina,"10,810","1,470",223,13.6,2.0,"2,023"
North Dakota,782,77,16,9.9,2.0,"2,023"
Ohio,"11,570","1,289",198,11.1,1.7,"2,023"
Oklahoma,"3,942",508,94,12.9,2.4,"2,023"
Oregon,"4,233",435,85,10.3,2.0,"2,023"
Pennsylvania,"12,630","1,301",184,10.3,1.5,"2,023"
Rhode Island,"1,065",95,25,8.9,2.4,"2,023"
South Carolina,"5,361",629,94,11.7,1.8,"2,023"
South Dakota,890,67,14,7.5,1.6,"2,023"
Tennessee,"7,093",757,139,10.7,2.0,"2,023"
Texas,"30,260","3,709",318,12.3,1.1,"2,023"
Utah,"3,404",214,43,6.3,1.2,"2,023"
Vermont,635,43,10,6.7,1.5,"2,023"
Virginia,"8,649",815,163,9.4,1.9,"2,023"
Washington,"7,888",689,128,8.7,1.6,"2,023"
West Virginia,"1,744",232,42,13.3,2.5,"2,023"
Wisconsin,"5,750",535,109,9.3,1.9,"2,023"
Wyoming,571,54,10,9.4,1.8,"2,023"
Alabama,"4,990",681,100,13.6,2.0,"2,022"
Alaska,708,68,12,9.6,1.7,"2,022"
Arizona,"7,239",920,166,12.7,2.3,"2,022"
Arkansas,"2,993",496,68,16.6,2.3,"2,022"
California,"38,690","4,346",346,11.2,0.9,"2,022"
Colorado,"5,732",465,92,8.1,1.6,"2,022"
Connecticut,"3,602",368,93,10.2,2.6,"2,022"
Delaware,"1,035",97,23,9.3,2.2,"2,022"
District of Columbia,654,88,16,13.4,2.4,"2,022"
Florida,"22,190","2,988",302,13.5,1.4,"2,022"
Georgia,"10,920","1,280",195,11.7,1.8,"2,022"
Hawaii,"1,423",126,28,8.8,2.0,"2,022"
Idaho,"1,947",159,27,8.2,1.4,"2,022"
Illinois,"12,350","1,173",170,9.5,1.4,"2,022"
Indiana,"6,792",704,125,10.4,1.9,"2,022"
Iowa,"3,183",299,58,9.4,1.9,"2,022"
Kansas,"2,846",298,68,10.5,2.4,"2,022"
Kentucky,"4,453",763,141,17.1,3.1,"2,022"
Louisiana,"4,519",761,105,16.9,2.3,"2,022"
Maine,"1,381",133,30,9.6,2.1,"2,022"
Maryland,"6,202",535,127,8.6,2.0,"2,022"
Massachusetts,"6,860",658,96,9.6,1.4,"2,022"
Michigan,"9,961","1,206",170,12.1,1.7,"2,022"
Minnesota,"5,626",427,97,7.6,1.7,"2,022"
Mississippi,"2,881",531,83,18.4,2.8,"2,022"
Missouri,"6,057",693,101,11.4,1.7,"2,022"
Montana,"1,119",117,20,10.4,1.7,"2,022"
Nebraska,"1,946",154,45,7.9,2.3,"2,022"
Nevada,"3,170",380,83,12.0,2.6,"2,022"
New Hampshire,"1,385",115,26,8.3,1.9,"2,022"
New Jersey,"9,151",799,162,8.7,1.8,"2,022"
New Mexico,"2,113",427,89,20.2,4.1,"2,022"
New York,"19,490","2,480",287,12.7,1.5,"2,022"
North Carolina,"10,740","1,525",200,14.2,1.9,"2,022"
North Dakota,764,74,15,9.7,2.0,"2,022"
Ohio,"11,620","1,154",171,9.9,1.5,"2,022"
Oklahoma,"3,948",665,108,16.9,2.7,"2,022"
Oregon,"4,230",419,89,9.9,2.1,"2,022"
Pennsylvania,"12,740","1,383",207,10.9,1.6,"2,022"
Rhode Island,"1,069",90,24,8.4,2.2,"2,022"
South Carolina,"5,262",677,120,12.9,2.2,"2,022"
South Dakota,886,80,19,9.1,2.1,"2,022"
Tennessee,"7,010",736,168,10.5,2.4,"2,022"
Texas,"29,920","4,031",310,13.5,1.0,"2,022"
Utah,"3,338",200,47,6.0,1.4,"2,022"
Vermont,641,58,12,9.0,1.8,"2,022"
Virginia,"8,489",704,132,8.3,1.6,"2,022"
Washington,"7,705",696,129,9.0,1.7,"2,022"
West Virginia,"1,746",270,31,15.5,1.8,"2,022"
Wisconsin,"5,807",386,80,6.6,1.4,"2,022"
Wyoming,562,40,7,7.1,1.3,"2,022"
Alabama,"4,961",787,78,15.9,1.6,"2,021"
Alaska,712,81,19,11.4,2.6,"2,021"
Arizona,"7,303",922,144,12.6,2.0,"2,021"
Arkansas,"2,981",502,55,16.8,1.9,"2,021"
California,"38,770","4,615",284,11.9,0.7,"2,021"
Colorado,"5,724",455,103,7.9,1.8,"2,021"
Connecticut,"3,553",285,70,8.0,1.9,"2,021"
Delaware,996,117,23,11.7,2.3,"2,021"
District of Columbia,650,91,14,14.0,2.2,"2,021"
Florida,"21,650","2,721",283,12.6,1.3,"2,021"
Georgia,"10,670","1,490",226,14.0,2.1,"2,021"
Hawaii,"1,427",156,29,10.9,2.0,"2,021"
Idaho,"1,905",177,33,9.3,1.7,"2,021"
Illinois,"12,460","1,339",192,10.7,1.5,"2,021"
Indiana,"6,778",704,101,10.4,1.5,"2,021"
Iowa,"3,182",309,48,9.7,1.5,"2,021"
Kansas,"2,891",206,61,7.1,2.1,"2,021"
Kentucky,"4,459",725,114,16.2,2.6,"2,021"
Louisiana,"4,519",830,107,18.4,2.4,"2,021"
Maine,"1,354",123,31,9.1,2.2,"2,021"
Maryland,"6,095",469,100,7.7,1.7,"2,021"
Massachusetts,"6,841",522,83,7.6,1.2,"2,021"
Michigan,"9,842","1,147",179,11.7,1.9,"2,021"
Minnesota,"5,532",382,99,6.9,1.8,"2,021"
Mississippi,"2,913",506,64,17.4,2.2,"2,021"
Missouri,"6,046",742,168,12.3,2.8,"2,021"
Montana,"1,114",120,20,10.7,1.8,"2,021"
Nebraska,"1,970",159,38,8.1,1.9,"2,021"
Nevada,"3,089",397,70,12.8,2.2,"2,021"
New Hampshire,"1,390",96,23,6.9,1.7,"2,021"
New Jersey,"9,220",698,123,7.6,1.3,"2,021"
New Mexico,"2,097",377,56,18.0,2.7,"2,021"
New York,"19,350","2,428",231,12.5,1.2,"2,021"
North Carolina,"10,600","1,249",137,11.8,1.3,"2,021"
North Dakota,760,65,11,8.5,1.5,"2,021"
Ohio,"11,740","1,364",185,11.6,1.6,"2,021"
Oklahoma,"3,904",589,85,15.1,2.2,"2,021"
Oregon,"4,220",389,85,9.2,2.0,"2,021"
Pennsylvania,"12,640","1,362",196,10.8,1.5,"2,021"
Rhode Island,"1,087",102,27,9.4,2.5,"2,021"
South Carolina,"5,214",713,101,13.7,2.0,"2,021"
South Dakota,884,74,20,8.4,2.3,"2,021"
Tennessee,"6,958",740,125,10.6,1.8,"2,021"
Texas,"29,390","3,977",341,13.5,1.2,"2,021"
Utah,"3,333",264,56,7.9,1.7,"2,021"
Vermont,631,47,10,7.5,1.6,"2,021"
Virginia,"8,489",831,139,9.8,1.6,"2,021"
Washington,"7,670",587,135,7.7,1.8,"2,021"
West Virginia,"1,754",296,35,16.9,2.1,"2,021"
Wisconsin,"5,910",551,115,9.3,1.9,"2,021"
Wyoming,568,53,12,9.4,2.1,"2,021"
Alabama,"5,001",744,139,14.9,2.8,"2,020"
Alaska,708,95,16,13.4,2.2,"2,020"
Arizona,"7,203",783,122,10.9,1.7,"2,020"
Arkansas,"2,974",420,56,14.1,1.8,"2,020"
California,"39,200","4,332",302,11.1,0.8,"2,020"
Colorado,"5,717",546,144,9.5,2.5,"2,020"
Connecticut,"3,545",396,80,11.2,2.3,"2,020"
Delaware,991,104,22,10.5,2.2,"2,020"
District of Columbia,680,114,14,16.8,2.0,"2,020"
Florida,"21,510","2,854",267,13.3,1.2,"2,020"
Georgia,"10,560","1,399",210,13.3,2.0,"2,020"
Hawaii,"1,427",155,30,10.9,2.1,"2,020"
Idaho,"1,862",170,27,9.1,1.4,"2,020"
Illinois,"12,640","1,010",130,8.0,1.0,"2,020"
Indiana,"6,685",807,127,12.1,1.9,"2,020"
Iowa,"3,163",290,78,9.2,2.5,"2,020"
Kansas,"2,891",267,79,9.3,2.7,"2,020"
Kentucky,"4,454",621,108,13.9,2.4,"2,020"
Louisiana,"4,545",704,70,15.5,1.6,"2,020"
Maine,"1,366",109,31,8.0,2.3,"2,020"
Maryland,"6,077",569,108,9.4,1.8,"2,020"
Massachusetts,"6,943",586,92,8.4,1.3,"2,020"
Michigan,"9,891","1,112",138,11.2,1.4,"2,020"
Minnesota,"5,602",476,94,8.5,1.7,"2,020"
Mississippi,"2,937",516,92,17.6,3.1,"2,020"
Missouri,"6,044",647,112,10.7,1.8,"2,020"
Montana,"1,080",118,17,10.9,1.6,"2,020"
Nebraska,"1,953",162,27,8.3,1.3,"2,020"
Nevada,"3,123",404,67,12.9,2.1,"2,020"
New Hampshire,"1,387",87,21,6.2,1.5,"2,020"
New Jersey,"9,119",744,134,8.2,1.5,"2,020"
New Mexico,"2,064",343,40,16.6,2.0,"2,020"
New York,"19,580","2,313",213,11.8,1.1,"2,020"
North Carolina,"10,410","1,441",169,13.8,1.6,"2,020"
North Dakota,761,81,14,10.7,1.8,"2,020"
Ohio,"11,700","1,487",195,12.7,1.7,"2,020"
Oklahoma,"3,885",604,97,15.5,2.5,"2,020"
Oregon,"4,114",387,55,9.4,1.3,"2,020"
Pennsylvania,"12,690","1,352",221,10.7,1.7,"2,020"
Rhode Island,"1,086",93,21,8.5,2.0,"2,020"
South Carolina,"5,110",684,110,13.4,2.2,"2,020"
South Dakota,878,102,49,11.6,5.6,"2,020"
Tennessee,"6,934",912,106,13.1,1.5,"2,020"
Texas,"28,920","4,057",315,14.0,1.1,"2,020"
Utah,"3,272",242,61,7.4,1.9,"2,020"
Vermont,639,55,10,8.6,1.6,"2,020"
Virginia,"8,501",663,121,7.8,1.4,"2,020"
Washington,"7,585",625,127,8.2,1.6,"2,020"
West Virginia,"1,760",249,53,14.2,3.0,"2,020"
Wisconsin,"5,836",466,105,8.0,1.8,"2,020"
Wyoming,561,55,11,9.7,1.9,"2,020"
Alabama,"4,873",627,117,12.9,2.5,"2,019"
Alaska,701,72,13,10.2,1.9,"2,019"
Arizona,"7,285",725,151,9.9,2.1,"2,019"
Arkansas,"2,915",412,59,14.1,2.1,"2,019"
California,"39,370","3,980",295,10.1,0.7,"2,019"
Colorado,"5,768",535,139,9.3,2.5,"2,019"
Connecticut,"3,490",291,62,8.3,1.8,"2,019"
Delaware,971,63,18,6.5,1.8,"2,019"
District of Columbia,702,88,13,12.5,1.8,"2,019"
Florida,"21,400","2,455",247,11.5,1.2,"2,019"
Georgia,"10,350","1,249",187,12.1,1.8,"2,019"
Hawaii,"1,365",115,28,8.4,2.1,"2,019"
Idaho,"1,794",127,25,7.1,1.4,"2,019"
Illinois,"12,500","1,160",160,9.3,1.3,"2,019"
Indiana,"6,691",677,112,10.1,1.7,"2,019"
Iowa,"3,137",298,57,9.5,1.8,"2,019"
Kansas,"2,813",266,48,9.5,1.7,"2,019"
Kentucky,"4,399",599,119,13.6,2.6,"2,019"
Louisiana,"4,563",816,99,17.9,2.1,"2,019"
Maine,"1,340",140,36,10.4,2.7,"2,019"
Maryland,"6,067",424,107,7.0,1.8,"2,019"
Massachusetts,"6,897",521,86,7.5,1.3,"2,019"
Michigan,"9,901","1,007",168,10.2,1.7,"2,019"
Minnesota,"5,681",322,76,5.7,1.3,"2,019"
Mississippi,"2,911",560,96,19.2,3.4,"2,019"
Missouri,"6,063",568,163,9.4,2.8,"2,019"
Montana,"1,053",102,12,9.7,1.2,"2,019"
Nebraska,"1,885",165,37,8.7,1.9,"2,019"
Nevada,"3,105",323,49,10.4,1.6,"2,019"
New Hampshire,"1,351",49,15,3.7,1.1,"2,019"
New Jersey,"8,738",554,105,6.3,1.2,"2,019"
New Mexico,"2,058",315,38,15.3,1.8,"2,019"
New York,"19,070","2,382",235,12.5,1.2,"2,019"
North Carolina,"10,470","1,324",158,12.7,1.5,"2,019"
North Dakota,749,61,10,8.1,1.4,"2,019"
Ohio,"11,510","1,424",194,12.4,1.7,"2,019"
Oklahoma,"3,899",422,72,10.8,1.8,"2,019"
Oregon,"4,135",336,72,8.1,1.8,"2,019"
Pennsylvania,"12,550","1,092",149,8.7,1.2,"2,019"
Rhode Island,"1,047",96,22,9.2,2.1,"2,019"
South Carolina,"5,144",775,98,15.1,1.9,"2,019"
South Dakota,860,91,19,10.6,2.2,"2,019"
Tennessee,"6,721",879,185,13.1,2.7,"2,019"
Texas,"28,670","3,174",288,11.1,1.0,"2,019"
Utah,"3,232",236,76,7.3,2.4,"2,019"
Vermont,615,53,12,8.6,1.9,"2,019"
Virginia,"8,335",737,125,8.8,1.5,"2,019"
Washington,"7,549",527,105,7.0,1.4,"2,019"
West Virginia,"1,745",242,34,13.9,1.9,"2,019"
Wisconsin,"5,730",479,92,8.4,1.6,"2,019"
Wyoming,565,52,14,9.2,2.5,"2,019"
Alabama,"4,877",779,107,16.0,2.1,"2,018"
Alaska,720,94,15,13.1,2.0,"2,018"
Arizona,"7,241",929,132,12.8,1.8,"2,018"
Arkansas,"2,912",462,63,15.9,2.1,"2,018"
California,"39,150","4,664",303,11.9,0.8,"2,018"
Colorado,"5,739",521,84,9.1,1.5,"2,018"
Connecticut,"3,413",348,71,10.2,2.1,"2,018"
Delaware,976,72,15,7.4,1.6,"2,018"
District of Columbia,692,102,13,14.7,1.8,"2,018"
Florida,"21,120","2,883",285,13.7,1.3,"2,018"
Georgia,"10,420","1,548",189,14.8,1.8,"2,018"
Hawaii,"1,393",128,26,9.2,1.8,"2,018"
Idaho,"1,766",202,41,11.5,2.3,"2,018"
Illinois,"12,590","1,292",214,10.3,1.6,"2,018"
Indiana,"6,582",761,112,11.6,1.6,"2,018"
Iowa,"3,110",277,49,8.9,1.6,"2,018"
Kansas,"2,835",212,44,7.5,1.5,"2,018"
Kentucky,"4,445",696,125,15.7,2.8,"2,018"
Louisiana,"4,510",858,63,19.0,1.5,"2,018"
Maine,"1,321",153,31,11.6,2.3,"2,018"
Maryland,"6,030",480,82,8.0,1.3,"2,018"
Massachusetts,"6,883",601,97,8.7,1.5,"2,018"
Michigan,"9,913","1,036",128,10.5,1.3,"2,018"
Minnesota,"5,746",456,77,7.9,1.3,"2,018"
Mississippi,"2,899",567,44,19.6,1.5,"2,018"
Missouri,"6,026",745,133,12.4,2.3,"2,018"
Montana,"1,041",107,20,10.3,2.0,"2,018"
Nebraska,"1,893",199,41,10.5,2.1,"2,018"
Nevada,"3,008",390,61,13.0,2.0,"2,018"
New Hampshire,"1,349",82,18,6.1,1.3,"2,018"
New Jersey,"8,790",725,107,8.2,1.2,"2,018"
New Mexico,"2,054",342,44,16.6,2.1,"2,018"
New York,"19,340","2,145",181,11.1,1.0,"2,018"
North Carolina,"10,370","1,355",158,13.1,1.5,"2,018"
North Dakota,745,72,15,9.7,2.0,"2,018"
Ohio,"11,450","1,365",189,11.9,1.6,"2,018"
Oklahoma,"3,858",518,79,13.4,2.0,"2,018"
Oregon,"4,172",404,74,9.7,1.8,"2,018"
Pennsylvania,"12,520","1,476",204,11.8,1.6,"2,018"
Rhode Island,"1,036",92,25,8.9,2.3,"2,018"
South Carolina,"5,036",642,74,12.8,1.5,"2,018"
South Dakota,853,90,13,10.6,1.5,"2,018"
Tennessee,"6,665",800,120,12.0,1.8,"2,018"
Texas,"28,500","3,894",285,13.7,1.0,"2,018"
Utah,"3,173",219,61,6.9,2.0,"2,018"
Vermont,616,60,12,9.7,1.8,"2,018"
Virginia,"8,393",821,141,9.8,1.6,"2,018"
Washington,"7,555",647,166,8.6,2.1,"2,018"
West Virginia,"1,762",279,35,15.9,2.0,"2,018"
Wisconsin,"5,795",499,89,8.6,1.5,"2,018"
Wyoming,565,53,10,9.5,1.8,"2,018"
Alabama,"4,801",735,95,15.3,2.1,"2,017"
Alaska,719,87,20,12.1,2.6,"2,017"
Arizona,"6,981",951,171,13.6,2.5,"2,017"
Arkansas,"2,921",436,54,14.9,1.8,"2,017"
California,"39,250","4,759",299,12.1,0.8,"2,017"
Colorado,"5,527",489,84,8.9,1.5,"2,017"
Connecticut,"3,553",377,71,10.6,2.0,"2,017"
Delaware,967,85,16,8.8,1.8,"2,017"
District of Columbia,691,96,13,13.9,1.8,"2,017"
Florida,"20,910","2,809",285,13.4,1.3,"2,017"
Georgia,"10,230","1,339",171,13.1,1.6,"2,017"
Hawaii,"1,402",149,28,10.6,2.0,"2,017"
Idaho,"1,730",199,38,11.5,2.3,"2,017"
Illinois,"12,600","1,454",168,11.5,1.3,"2,017"
Indiana,"6,532",762,115,11.7,1.8,"2,017"
Iowa,"3,053",230,54,7.5,1.8,"2,017"
Kansas,"2,868",411,54,14.3,2.0,"2,017"
Kentucky,"4,395",591,125,13.5,3.0,"2,017"
Louisiana,"4,535",931,79,20.5,1.8,"2,017"
Maine,"1,315",163,31,12.4,2.3,"2,017"
Maryland,"5,977",451,95,7.6,1.6,"2,017"
Massachusetts,"6,784",763,117,11.2,1.6,"2,017"
Michigan,"9,895","1,135",145,11.5,1.5,"2,017"
Minnesota,"5,619",479,94,8.5,1.6,"2,017"
Mississippi,"2,948",544,44,18.5,1.5,"2,017"
Missouri,"5,988",683,133,11.4,2.3,"2,017"
Montana,"1,041",107,18,10.3,1.6,"2,017"
Nebraska,"1,878",216,41,11.5,2.1,"2,017"
Nevada,"2,979",392,61,13.2,2.0,"2,017"
New Hampshire,"1,333",95,21,7.2,1.6,"2,017"
New Jersey,"9,015",894,156,9.9,1.8,"2,017"
New Mexico,"2,035",402,46,19.7,2.3,"2,017"
New York,"19,740","2,510",232,12.7,1.2,"2,017"
North Carolina,"10,300","1,567",158,15.2,1.6,"2,017"
North Dakota,740,92,18,12.4,2.5,"2,017"
Ohio,"11,490","1,479",161,12.9,1.5,"2,017"
Oklahoma,"3,817",490,77,12.8,2.0,"2,017"
Oregon,"4,202",482,90,11.5,2.3,"2,017"
Pennsylvania,"12,570","1,373",155,10.9,1.3,"2,017"
Rhode Island,"1,046",118,25,11.3,2.3,"2,017"
South Carolina,"4,955",756,90,15.2,1.8,"2,017"
South Dakota,870,93,25,10.7,2.8,"2,017"
Tennessee,"6,699",759,107,11.3,1.6,"2,017"
Texas,"28,090","3,715",306,13.2,1.2,"2,017"
Utah,"3,130",272,56,8.7,1.8,"2,017"
Vermont,613,53,10,8.6,1.6,"2,017"
Virginia,"8,242",862,117,10.5,1.5,"2,017"
Washington,"7,425",810,123,10.9,1.6,"2,017"
West Virginia,"1,793",306,41,17.1,2.1,"2,017"
Wisconsin,"5,809",537,67,9.2,1.2,"2,017"
Wyoming,560,73,13,13.0,2.3,"2,017"
Alabama,"4,821",782,104,16.2,2.1,"2,016"
Alaska,708,89,20,12.6,2.8,"2,016"
Arizona,"6,878","1,108",130,16.1,1.8,"2,016"
Arkansas,"2,941",471,46,16.0,1.5,"2,016"
California,"39,140","5,435",288,13.9,0.7,"2,016"
Colorado,"5,502",467,84,8.5,1.5,"2,016"
Connecticut,"3,567",351,74,9.8,2.1,"2,016"
Delaware,947,110,20,11.6,2.1,"2,016"
District of Columbia,685,112,12,16.3,1.6,"2,016"
Florida,"20,520","2,659",206,13.0,1.0,"2,016"
Georgia,"10,270","1,580",191,15.4,1.8,"2,016"
Hawaii,"1,392",129,28,9.3,2.0,"2,016"
Idaho,"1,679",187,28,11.1,1.6,"2,016"
Illinois,"12,580","1,517",168,12.1,1.3,"2,016"
Indiana,"6,493",768,110,11.8,1.6,"2,016"
Iowa,"3,099",302,48,9.8,1.5,"2,016"
Kansas,"2,859",321,54,11.2,2.0,"2,016"
Kentucky,"4,383",667,94,15.2,2.1,"2,016"
Louisiana,"4,573",923,76,20.2,1.6,"2,016"
Maine,"1,317",167,31,12.7,2.3,"2,016"
Maryland,"5,930",424,89,7.1,1.5,"2,016"
Massachusetts,"6,775",649,92,9.6,1.3,"2,016"
Michigan,"9,875","1,091",135,11.1,1.3,"2,016"
Minnesota,"5,430",470,81,8.7,1.5,"2,016"
Mississippi,"2,943",622,76,21.1,2.5,"2,016"
Missouri,"5,878",762,120,13.0,2.0,"2,016"
Montana,"1,031",121,16,11.7,1.6,"2,016"
Nebraska,"1,870",179,43,9.6,2.3,"2,016"
Nevada,"2,941",298,63,10.1,2.1,"2,016"
New Hampshire,"1,316",84,18,6.4,1.3,"2,016"
New Jersey,"8,836",828,135,9.4,1.5,"2,016"
New Mexico,"2,043",364,54,17.8,2.6,"2,016"
New York,"19,460","2,314",240,11.9,1.2,"2,016"
North Carolina,"10,060","1,363",173,13.6,1.6,"2,016"
North Dakota,749,83,15,11.1,2.0,"2,016"
Ohio,"11,440","1,573",179,13.7,1.5,"2,016"
Oklahoma,"3,911",571,120,14.6,3.1,"2,016"
Oregon,"4,124",486,81,11.8,2.0,"2,016"
Pennsylvania,"12,530","1,396",165,11.1,1.3,"2,016"
Rhode Island,"1,052",119,25,11.4,2.3,"2,016"
South Carolina,"4,898",690,99,14.1,2.0,"2,016"
South Dakota,855,124,21,14.5,2.5,"2,016"
Tennessee,"6,652",988,143,14.9,2.1,"2,016"
Texas,"27,660","3,812",273,13.8,1.0,"2,016"
Utah,"3,077",264,49,8.6,1.6,"2,016"
Vermont,622,60,10,9.6,1.6,"2,016"
Virginia,"8,163",929,137,11.4,1.6,"2,016"
Washington,"7,289",800,99,11.0,1.3,"2,016"
West Virginia,"1,808",326,51,18.0,2.8,"2,016"
Wisconsin,"5,764",620,84,10.7,1.5,"2,016"
Wyoming,571,62,12,10.9,2.0,"2,016"
Alabama,"4,820",784,99,16.3,2.0,"2,015"
Alaska,703,65,10,9.2,1.5,"2,015"
Arizona,"6,728","1,156",138,17.2,2.1,"2,015"
Arkansas,"2,951",475,44,16.1,1.5,"2,015"
California,"39,080","5,441",347,13.9,0.8,"2,015"
Colorado,"5,420",538,114,9.9,2.1,"2,015"
Connecticut,"3,572",324,71,9.1,2.0,"2,015"
Delaware,958,106,20,11.1,2.0,"2,015"
District of Columbia,676,113,13,16.6,2.0,"2,015"
Florida,"20,070","3,253",290,16.2,1.5,"2,015"
Georgia,"10,100","1,833",183,18.1,1.8,"2,015"
Hawaii,"1,382",151,26,10.9,1.8,"2,015"
Idaho,"1,657",204,35,12.3,2.1,"2,015"
Illinois,"12,680","1,380",171,10.9,1.3,"2,015"
Indiana,"6,502",880,118,13.5,1.8,"2,015"
Iowa,"3,100",321,64,10.4,2.1,"2,015"
Kansas,"2,849",404,69,14.2,2.5,"2,015"
Kentucky,"4,365",851,94,19.5,2.1,"2,015"
Louisiana,"4,599",854,94,18.6,2.0,"2,015"
Maine,"1,340",165,33,12.3,2.5,"2,015"
Maryland,"5,892",566,115,9.6,2.0,"2,015"
Massachusetts,"6,777",782,107,11.5,1.6,"2,015"
Michigan,"9,852","1,259",161,12.8,1.6,"2,015"
Minnesota,"5,458",428,95,7.8,1.8,"2,015"
Mississippi,"2,947",563,54,19.1,1.8,"2,015"
Missouri,"5,946",582,117,9.8,2.0,"2,015"
Montana,"1,018",121,20,11.9,2.0,"2,015"
Nebraska,"1,858",192,30,10.3,1.6,"2,015"
Nevada,"2,864",371,59,13.0,2.1,"2,015"
New Hampshire,"1,293",94,21,7.3,1.6,"2,015"
New Jersey,"8,936","1,004",156,11.2,1.8,"2,015"
New Mexico,"2,036",400,46,19.7,2.3,"2,015"
New York,"19,650","2,791",257,14.2,1.3,"2,015"
North Carolina,"9,887","1,509",156,15.3,1.6,"2,015"
North Dakota,763,82,20,10.7,2.5,"2,015"
Ohio,"11,440","1,550",173,13.6,1.5,"2,015"
Oklahoma,"3,887",551,74,14.2,1.8,"2,015"
Oregon,"4,029",478,114,11.9,2.8,"2,015"
Pennsylvania,"12,560","1,542",176,12.3,1.5,"2,015"
Rhode Island,"1,044",123,26,11.8,2.5,"2,015"
South Carolina,"4,790",683,92,14.3,2.0,"2,015"
South Dakota,848,118,16,13.9,2.0,"2,015"
Tennessee,"6,605",973,115,14.7,1.8,"2,015"
Texas,"27,400","4,036",341,14.7,1.3,"2,015"
Utah,"3,004",279,49,9.3,1.6,"2,015"
Vermont,609,65,13,10.7,2.1,"2,015"
Virginia,"8,216",894,133,10.9,1.6,"2,015"
Washington,"7,193",819,89,11.4,1.3,"2,015"
West Virginia,"1,795",261,76,14.5,4.3,"2,015"
Wisconsin,"5,736",654,112,11.4,2.0,"2,015"
Wyoming,574,56,13,9.8,2.3,"2,015"
Alabama,"4,765",848,87,17.8,1.8,"2,014"
Alaska,694,82,13,11.9,2.0,"2,014"
Arizona,"6,657","1,409",125,21.2,1.8,"2,014"
Arkansas,"2,891",532,72,18.4,2.5,"2,014"
California,"38,670","6,112",359,15.8,1.0,"2,014"
Colorado,"5,376",661,118,12.3,2.1,"2,014"
Connecticut,"3,577",308,72,8.6,2.0,"2,014"
Delaware,929,103,16,11.0,1.6,"2,014"
District of Columbia,657,125,15,19.0,2.1,"2,014"
Florida,"19,690","3,282",247,16.7,1.3,"2,014"
Georgia,"9,948","1,676",151,16.8,1.5,"2,014"
Hawaii,"1,365",147,26,10.8,1.8,"2,014"
Idaho,"1,606",199,36,12.4,2.3,"2,014"
Illinois,"12,770","1,756",183,13.7,1.5,"2,014"
Indiana,"6,470",948,140,14.6,2.1,"2,014"
Iowa,"3,078",317,54,10.3,1.8,"2,014"
Kansas,"2,851",345,51,12.1,1.8,"2,014"
Kentucky,"4,299",861,114,20.0,2.6,"2,014"
Louisiana,"4,550","1,049",87,23.1,2.0,"2,014"
Maine,"1,300",190,33,14.6,2.5,"2,014"
Maryland,"5,934",584,90,9.8,1.5,"2,014"
Massachusetts,"6,653",902,117,13.6,1.8,"2,014"
Michigan,"9,893","1,462",148,14.8,1.5,"2,014"
Minnesota,"5,417",447,87,8.3,1.6,"2,014"
Mississippi,"2,961",654,61,22.1,2.0,"2,014"
Missouri,"5,950",620,89,10.4,1.5,"2,014"
Montana,"1,008",121,21,12.0,2.1,"2,014"
Nebraska,"1,873",221,38,11.8,2.0,"2,014"
Nevada,"2,819",478,74,17.0,2.6,"2,014"
New Hampshire,"1,318",95,18,7.2,1.3,"2,014"
New Jersey,"8,938","1,013",148,11.3,1.6,"2,014"
New Mexico,"2,030",406,54,20.0,2.6,"2,014"
New York,"19,660","2,755",237,14.0,1.2,"2,014"
North Carolina,"9,823","1,678",192,17.1,2.0,"2,014"
North Dakota,731,71,8,9.7,1.2,"2,014"
Ohio,"11,510","1,792",179,15.6,1.5,"2,014"
Oklahoma,"3,728",647,84,17.3,2.3,"2,014"
Oregon,"3,955",570,77,14.4,2.0,"2,014"
Pennsylvania,"12,620","1,581",171,12.5,1.3,"2,014"
Rhode Island,"1,046",119,23,11.3,2.1,"2,014"
South Carolina,"4,764",788,84,16.5,1.8,"2,014"
South Dakota,846,109,23,12.8,2.8,"2,014"
Tennessee,"6,496","1,122",123,17.3,2.0,"2,014"
Texas,"26,680","4,364",285,16.4,1.0,"2,014"
Utah,"2,928",298,59,10.2,2.0,"2,014"
Vermont,615,57,10,9.3,1.5,"2,014"
Virginia,"8,257",842,120,10.2,1.5,"2,014"
Washington,"7,079",852,135,12.0,2.0,"2,014"
West Virginia,"1,822",376,49,20.6,2.8,"2,014"
Wisconsin,"5,742",628,90,10.9,1.6,"2,014"
Wyoming,572,55,10,9.7,1.8,"2,014"
Alabama,"4,807",891,155,18.5,3.3,"2,013"
Alaska,696,67,25,9.7,3.5,"2,013"
Arizona,"6,532","1,163",265,17.8,4.1,"2,013"
Arkansas,"2,852",395,76,13.9,2.6,"2,013"
California,"38,210","5,754",579,15.1,1.5,"2,013"
Colorado,"5,303",569,118,10.7,2.3,"2,013"
Connecticut,"3,637",396,97,10.9,2.6,"2,013"
Delaware,912,102,28,11.2,3.0,"2,013"
District of Columbia,647,150,28,23.2,4.3,"2,013"
Florida,"19,460","2,882",410,14.8,2.1,"2,013"
Georgia,"9,848","1,825",283,18.5,3.0,"2,013"
Hawaii,"1,338",142,39,10.6,3.0,"2,013"
Idaho,"1,610",200,59,12.4,3.6,"2,013"
Illinois,"12,650","1,720",253,13.6,2.0,"2,013"
Indiana,"6,557","1,083",227,16.5,3.5,"2,013"
Iowa,"3,076",405,69,13.2,2.3,"2,013"
Kansas,"2,760",315,115,11.4,4.1,"2,013"
Kentucky,"4,501",991,174,22.0,3.9,"2,013"
Louisiana,"4,534",963,186,21.2,4.1,"2,013"
Maine,"1,330",151,36,11.4,2.6,"2,013"
Maryland,"5,946",623,145,10.5,2.5,"2,013"
Massachusetts,"6,735",818,247,12.1,3.6,"2,013"
Michigan,"10,070","1,277",260,12.7,2.6,"2,013"
Minnesota,"5,349",589,138,11.0,2.6,"2,013"
Mississippi,"2,895",554,166,19.1,5.8,"2,013"
Missouri,"5,955","1,041",224,17.5,3.8,"2,013"
Montana,980,103,44,10.5,4.4,"2,013"
Nebraska,"1,868",196,49,10.5,2.6,"2,013"
Nevada,"2,774",401,99,14.5,3.6,"2,013"
New Hampshire,"1,301",71,21,5.5,1.6,"2,013"
New Jersey,"8,728",861,197,9.9,2.3,"2,013"
New Mexico,"2,079",535,118,25.8,5.8,"2,013"
New York,"19,340","3,337",484,17.3,2.5,"2,013"
North Carolina,"9,672","1,419",316,14.7,3.3,"2,013"
North Dakota,716,94,25,13.2,3.5,"2,013"
Ohio,"11,280","1,684",286,14.9,2.5,"2,013"
Oklahoma,"3,697",785,207,21.2,5.6,"2,013"
Oregon,"3,969",556,132,14.0,3.3,"2,013"
Pennsylvania,"12,800","1,432",250,11.2,2.0,"2,013"
Rhode Island,"1,032",96,30,9.3,2.8,"2,013"
South Carolina,"4,676",904,176,19.3,3.8,"2,013"
South Dakota,827,110,33,13.3,4.1,"2,013"
Tennessee,"6,272",972,227,15.5,3.6,"2,013"
Texas,"26,200","4,422",517,16.9,2.0,"2,013"
Utah,"2,923",357,82,12.2,2.8,"2,013"
Vermont,629,43,16,6.8,2.6,"2,013"
Virginia,"8,230",805,191,9.8,2.3,"2,013"
Washington,"6,877",836,163,12.2,2.3,"2,013"
West Virginia,"1,805",358,84,19.8,4.6,"2,013"
Wisconsin,"5,615",756,171,13.5,3.1,"2,013"
Wyoming,592,68,18,11.4,3.1,"2,013"
Alabama,"4,808",777,150,16.2,3.1,"2,012"
Alaska,702,70,13,10.0,1.8,"2,012"
Arizona,"6,642","1,260",183,19.0,2.8,"2,012"
Arkansas,"2,909",584,84,20.1,3.0,"2,012"
California,"37,910","6,015",316,15.9,0.8,"2,012"
Colorado,"5,153",613,100,11.9,2.0,"2,012"
Connecticut,"3,517",363,49,10.3,1.5,"2,012"
Delaware,900,121,18,13.5,2.0,"2,012"
District of Columbia,632,116,15,18.4,2.1,"2,012"
Florida,"19,170","2,926",211,15.3,1.2,"2,012"
Georgia,"9,665","1,752",220,18.1,2.3,"2,012"
Hawaii,"1,356",188,35,13.8,2.6,"2,012"
Idaho,"1,588",229,36,14.4,2.3,"2,012"
Illinois,"12,730","1,608",161,12.6,1.3,"2,012"
Indiana,"6,343",964,115,15.2,1.8,"2,012"
Iowa,"3,010",310,36,10.3,1.3,"2,012"
Kansas,"2,828",397,56,14.0,2.1,"2,012"
Kentucky,"4,342",776,109,17.9,2.5,"2,012"
Louisiana,"4,465",944,163,21.1,3.8,"2,012"
Maine,"1,330",170,23,12.8,1.8,"2,012"
Maryland,"5,892",585,77,9.9,1.3,"2,012"
Massachusetts,"6,566",743,97,11.3,1.5,"2,012"
Michigan,"9,731","1,331",156,13.7,1.6,"2,012"
Minnesota,"5,353",534,77,10.0,1.5,"2,012"
Mississippi,"2,893",636,90,22.0,3.1,"2,012"
Missouri,"5,956",905,141,15.2,2.5,"2,012"
Montana,999,134,25,13.4,2.5,"2,012"
Nebraska,"1,849",226,41,12.2,2.1,"2,012"
Nevada,"2,735",433,53,15.8,2.0,"2,012"
New Hampshire,"1,308",106,18,8.1,1.3,"2,012"
New Jersey,"8,720",814,120,9.3,1.3,"2,012"
New Mexico,"2,064",420,72,20.4,3.5,"2,012"
New York,"19,300","3,328",215,17.2,1.2,"2,012"
North Carolina,"9,634","1,652",207,17.2,2.1,"2,012"
North Dakota,692,79,12,11.4,1.8,"2,012"
Ohio,"11,400","1,751",196,15.4,1.8,"2,012"
Oklahoma,"3,700",668,76,18.0,2.1,"2,012"
Oregon,"3,872",523,66,13.5,1.6,"2,012"
Pennsylvania,"12,660","1,756",183,13.9,1.5,"2,012"
Rhode Island,"1,034",141,20,13.6,1.8,"2,012"
South Carolina,"4,667",779,104,16.7,2.3,"2,012"
South Dakota,822,106,18,12.8,2.1,"2,012"
Tennessee,"6,422","1,194",194,18.6,3.1,"2,012"
Texas,"26,060","4,444",316,17.0,1.2,"2,012"
Utah,"2,849",312,74,11.0,2.6,"2,012"
Vermont,615,69,12,11.2,1.8,"2,012"
Virginia,"7,994",850,146,10.6,1.8,"2,012"
Washington,"6,856",796,95,11.6,1.5,"2,012"
West Virginia,"1,803",301,66,16.7,3.6,"2,012"
Wisconsin,"5,628",640,81,11.4,1.5,"2,012"
Wyoming,577,56,12,9.6,2.0,"2,012"
Alabama,"4,765",732,122,15.4,2.5,"2,011"
Alaska,712,83,15,11.7,2.1,"2,011"
Arizona,"6,547","1,128",176,17.2,2.8,"2,011"
Arkansas,"2,909",545,76,18.7,2.6,"2,011"
California,"37,590","6,352",332,16.9,1.0,"2,011"
Colorado,"5,016",661,89,13.2,1.8,"2,011"
Connecticut,"3,514",356,54,10.1,1.5,"2,011"
Delaware,902,123,15,13.7,1.6,"2,011"
District of Columbia,619,123,15,19.9,2.3,"2,011"
Florida,"18,990","2,822",224,14.9,1.2,"2,011"
Georgia,"9,681","1,783",201,18.4,2.1,"2,011"
Hawaii,"1,337",162,30,12.1,2.3,"2,011"
Idaho,"1,574",248,43,15.7,2.8,"2,011"
Illinois,"12,700","1,807",179,14.2,1.5,"2,011"
Indiana,"6,344",989,137,15.6,2.1,"2,011"
Iowa,"3,027",315,39,10.4,1.3,"2,011"
Kansas,"2,807",402,53,14.3,2.0,"2,011"
Kentucky,"4,302",689,99,16.0,2.3,"2,011"
Louisiana,"4,494",947,123,21.1,2.6,"2,011"
Maine,"1,328",178,23,13.4,1.8,"2,011"
Maryland,"5,806",537,71,9.3,1.3,"2,011"
Massachusetts,"6,514",688,90,10.6,1.5,"2,011"
Michigan,"9,689","1,449",165,15.0,1.6,"2,011"
Minnesota,"5,276",528,76,10.0,1.5,"2,011"
Mississippi,"2,932",510,66,17.4,2.3,"2,011"
Missouri,"5,892",910,161,15.4,2.8,"2,011"
Montana,986,163,26,16.5,2.6,"2,011"
Nebraska,"1,823",187,36,10.2,2.1,"2,011"
Nevada,"2,682",414,56,15.5,2.1,"2,011"
New Hampshire,"1,300",99,20,7.6,1.5,"2,011"
New Jersey,"8,642",988,125,11.4,1.5,"2,011"
New Mexico,"2,037",451,59,22.2,3.0,"2,011"
New York,"19,330","3,085",237,16.0,1.2,"2,011"
North Carolina,"9,504","1,459",214,15.4,2.3,"2,011"
North Dakota,675,67,16,9.9,2.3,"2,011"
Ohio,"11,310","1,708",212,15.1,2.0,"2,011"
Oklahoma,"3,763",522,77,13.9,2.0,"2,011"
Oregon,"3,850",553,84,14.4,2.1,"2,011"
Pennsylvania,"12,700","1,604",174,12.6,1.3,"2,011"
Rhode Island,"1,038",139,16,13.4,1.6,"2,011"
South Carolina,"4,605",874,105,19.0,2.3,"2,011"
South Dakota,808,117,33,14.5,4.1,"2,011"
Tennessee,"6,324","1,030",171,16.3,2.8,"2,011"
Texas,"25,550","4,458",322,17.4,1.3,"2,011"
Utah,"2,812",309,48,11.0,1.6,"2,011"
Vermont,615,71,10,11.6,1.6,"2,011"
Virginia,"7,971",907,115,11.4,1.5,"2,011"
Washington,"6,812",854,122,12.5,1.8,"2,011"
West Virginia,"1,820",318,56,17.5,3.0,"2,011"
Wisconsin,"5,676",743,99,13.1,1.8,"2,011"
Wyoming,562,60,13,10.7,2.3,"2,011"
Alabama,"4,717",812,137,17.2,3.0,"2,010"
Alaska,695,87,16,12.5,2.5,"2,010"
Arizona,"6,426","1,208",178,18.8,2.8,"2,010"
Arkansas,"2,879",440,74,15.3,2.6,"2,010"
California,"37,240","6,073",349,16.3,1.0,"2,010"
Colorado,"4,995",615,89,12.3,1.8,"2,010"
Connecticut,"3,541",303,44,8.6,1.3,"2,010"
Delaware,890,109,16,12.2,1.8,"2,010"
District of Columbia,604,118,13,19.5,2.1,"2,010"
Florida,"18,760","3,006",209,16.0,1.2,"2,010"
Georgia,"9,650","1,814",171,18.8,1.8,"2,010"
Hawaii,"1,311",162,25,12.4,2.0,"2,010"
Idaho,"1,543",213,38,13.8,2.5,"2,010"
Illinois,"12,780","1,798",166,14.1,1.3,"2,010"
Indiana,"6,390","1,041",156,16.3,2.5,"2,010"
Iowa,"2,977",307,49,10.3,1.6,"2,010"
Kansas,"2,766",400,64,14.5,2.3,"2,010"
Kentucky,"4,270",754,107,17.7,2.6,"2,010"
Louisiana,"4,418",949,114,21.5,2.6,"2,010"
Maine,"1,298",164,25,12.6,2.0,"2,010"
Maryland,"5,786",628,82,10.9,1.5,"2,010"
Massachusetts,"6,532",711,112,10.9,1.8,"2,010"
Michigan,"9,751","1,530",181,15.7,1.8,"2,010"
Minnesota,"5,217",563,71,10.8,1.3,"2,010"
Mississippi,"2,920",658,72,22.5,2.5,"2,010"
Missouri,"5,929",890,130,15.0,2.3,"2,010"
Montana,979,142,28,14.5,3.0,"2,010"
Nebraska,"1,804",184,33,10.2,2.0,"2,010"
Nevada,"2,696",446,58,16.6,2.1,"2,010"
New Hampshire,"1,294",84,13,6.5,1.2,"2,010"
New Jersey,"8,733",966,146,11.1,1.6,"2,010"
New Mexico,"2,033",372,49,18.3,2.5,"2,010"
New York,"19,120","3,062",242,16.0,1.3,"2,010"
North Carolina,"9,359","1,633",148,17.4,1.6,"2,010"
North Dakota,653,82,10,12.6,1.5,"2,010"
Ohio,"11,340","1,746",194,15.4,1.8,"2,010"
Oklahoma,"3,697",603,102,16.3,2.8,"2,010"
Oregon,"3,752",537,72,14.3,2.0,"2,010"
Pennsylvania,"12,530","1,535",138,12.2,1.2,"2,010"
Rhode Island,"1,042",146,18,14.0,1.6,"2,010"
South Carolina,"4,563",773,87,16.9,2.0,"2,010"
South Dakota,799,109,15,13.6,1.8,"2,010"
Tennessee,"6,315","1,052",140,16.7,2.1,"2,010"
Texas,"25,200","4,633",322,18.4,1.3,"2,010"
Utah,"2,768",278,49,10.0,1.8,"2,010"
Vermont,624,67,12,10.8,1.8,"2,010"
Virginia,"7,837",835,120,10.7,1.5,"2,010"
Washington,"6,713",779,120,11.6,1.8,"2,010"
West Virginia,"1,816",306,38,16.8,2.1,"2,010"
Wisconsin,"5,626",567,86,10.1,1.5,"2,010"
Wyoming,550,53,8,9.6,1.5,"2,010"
Alabama,"4,655",770,99,16.6,2.1,"2,009"
Alaska,688,81,13,11.7,2.0,"2,009"
Arizona,"6,508","1,381",138,21.2,2.1,"2,009"
Arkansas,"2,846",538,66,18.9,2.3,"2,009"
California,"36,740","5,638",291,15.3,0.8,"2,009"
Colorado,"4,969",613,95,12.3,2.0,"2,009"
Connecticut,"3,472",292,58,8.4,1.6,"2,009"
Delaware,883,109,18,12.3,2.0,"2,009"
District of Columbia,595,107,15,17.9,2.5,"2,009"
Florida,"18,390","2,676",191,14.6,1.0,"2,009"
Georgia,"9,657","1,775",150,18.4,1.5,"2,009"
Hawaii,"1,250",156,23,12.5,2.0,"2,009"
Idaho,"1,524",209,31,13.7,2.0,"2,009"
Illinois,"12,760","1,690",155,13.2,1.2,"2,009"
Indiana,"6,342","1,023",115,16.1,1.8,"2,009"
Iowa,"2,987",319,56,10.7,1.8,"2,009"
Kansas,"2,737",374,58,13.7,2.1,"2,009"
Kentucky,"4,276",727,95,17.0,2.3,"2,009"
Louisiana,"4,450",636,90,14.3,2.0,"2,009"
Maine,"1,297",148,26,11.4,2.1,"2,009"
Maryland,"5,662",543,89,9.6,1.6,"2,009"
Massachusetts,"6,623",717,99,10.8,1.5,"2,009"
Michigan,"9,797","1,376",137,14.0,1.3,"2,009"
Minnesota,"5,200",576,89,11.1,1.6,"2,009"
Mississippi,"2,847",658,72,23.1,2.5,"2,009"
Missouri,"5,963",926,112,15.5,1.8,"2,009"
Montana,971,131,20,13.5,2.0,"2,009"
Nebraska,"1,778",176,33,9.9,1.8,"2,009"
Nevada,"2,629",343,53,13.0,2.0,"2,009"
New Hampshire,"1,313",103,21,7.8,1.6,"2,009"
New Jersey,"8,660",806,109,9.3,1.3,"2,009"
New Mexico,"1,971",381,51,19.3,2.6,"2,009"
New York,"19,160","3,018",206,15.8,1.2,"2,009"
North Carolina,"9,336","1,576",145,16.9,1.5,"2,009"
North Dakota,632,69,12,10.9,1.8,"2,009"
Ohio,"11,440","1,526",143,13.3,1.3,"2,009"
Oklahoma,"3,632",468,72,12.9,2.0,"2,009"
Oregon,"3,821",510,81,13.4,2.1,"2,009"
Pennsylvania,"12,400","1,376",138,11.1,1.2,"2,009"
Rhode Island,"1,030",134,23,13.0,2.1,"2,009"
South Carolina,"4,501",618,90,13.7,2.0,"2,009"
South Dakota,799,113,15,14.1,2.0,"2,009"
Tennessee,"6,240","1,031",115,16.5,1.8,"2,009"
Texas,"24,630","4,262",253,17.3,1.0,"2,009"
Utah,"2,794",270,43,9.7,1.5,"2,009"
Vermont,617,58,12,9.4,1.8,"2,009"
Virginia,"7,767",831,107,10.7,1.3,"2,009"
Washington,"6,697",781,107,11.7,1.6,"2,009"
West Virginia,"1,801",285,36,15.8,2.0,"2,009"
Wisconsin,"5,545",599,92,10.8,1.6,"2,009"
Wyoming,540,50,10,9.2,1.8,"2,009"
Alabama,"4,716",675,94,14.3,2.0,"2,008"
Alaska,672,55,12,8.2,1.6,"2,008"
Arizona,"6,529","1,172",130,18.0,2.0,"2,008"
Arkansas,"2,822",431,59,15.3,2.1,"2,008"
California,"36,640","5,344",286,14.6,0.8,"2,008"
Colorado,"4,908",541,90,11.0,1.8,"2,008"
Connecticut,"3,433",276,56,8.1,1.6,"2,008"
Delaware,861,82,15,9.6,1.8,"2,008"
District of Columbia,590,98,15,16.5,2.5,"2,008"
Florida,"18,020","2,370",181,13.1,1.0,"2,008"
Georgia,"9,541","1,477",138,15.5,1.5,"2,008"
Hawaii,"1,255",125,21,9.9,1.8,"2,008"
Idaho,"1,515",185,30,12.2,2.0,"2,008"
Illinois,"12,690","1,564",148,12.3,1.2,"2,008"
Indiana,"6,288",901,109,14.3,1.8,"2,008"
Iowa,"2,986",285,53,9.5,1.8,"2,008"
Kansas,"2,716",346,56,12.7,2.1,"2,008"
Kentucky,"4,246",724,95,17.1,2.3,"2,008"
Louisiana,"4,326",788,99,18.2,2.3,"2,008"
Maine,"1,317",158,28,12.0,2.1,"2,008"
Maryland,"5,528",481,84,8.7,1.5,"2,008"
Massachusetts,"6,420",727,99,11.3,1.5,"2,008"
Michigan,"9,806","1,273",132,13.0,1.3,"2,008"
Minnesota,"5,120",506,84,9.9,1.6,"2,008"
Mississippi,"2,900",525,66,18.1,2.3,"2,008"
Missouri,"5,861",780,104,13.3,1.8,"2,008"
Montana,973,125,20,12.9,2.0,"2,008"
Nebraska,"1,774",188,33,10.6,1.8,"2,008"
Nevada,"2,581",278,49,10.8,2.0,"2,008"
New Hampshire,"1,300",91,20,7.0,1.6,"2,008"
New Jersey,"8,515",787,107,9.2,1.3,"2,008"
New Mexico,"1,977",381,51,19.3,2.6,"2,008"
New York,"19,310","2,734",197,14.2,1.0,"2,008"
North Carolina,"9,234","1,285",132,13.9,1.5,"2,008"
North Dakota,625,74,12,11.8,2.0,"2,008"
Ohio,"11,390","1,557",145,13.7,1.3,"2,008"
Oklahoma,"3,550",484,74,13.6,2.1,"2,008"
Oregon,"3,806",403,72,10.6,2.0,"2,008"
Pennsylvania,"12,180","1,335",137,11.0,1.2,"2,008"
Rhode Island,"1,042",132,23,12.7,2.1,"2,008"
South Carolina,"4,462",624,90,14.0,2.0,"2,008"
South Dakota,794,104,15,13.1,1.8,"2,008"
Tennessee,"6,163",924,110,15.0,1.8,"2,008"
Texas,"24,170","3,834",243,15.9,1.0,"2,008"
Utah,"2,754",209,38,7.6,1.5,"2,008"
Vermont,610,55,12,9.0,1.8,"2,008"
Virginia,"7,735",799,105,10.3,1.3,"2,008"
Washington,"6,526",680,100,10.4,1.5,"2,008"
West Virginia,"1,796",260,35,14.5,2.0,"2,008"
Wisconsin,"5,548",544,87,9.8,1.6,"2,008"
Wyoming,529,54,10,10.1,2.0,"2,008"
Alabama,"4,566",662,92,14.5,2.0,"2,007"
Alaska,675,51,12,7.6,1.6,"2,007"
Arizona,"6,365",912,117,14.3,1.8,"2,007"
Arkansas,"2,803",387,58,13.8,2.0,"2,007"
California,"36,250","4,589",268,12.7,0.8,"2,007"
Colorado,"4,872",478,86,9.8,1.8,"2,007"
Connecticut,"3,471",309,59,8.9,1.6,"2,007"
Delaware,861,80,15,9.3,1.8,"2,007"
District of Columbia,580,104,15,18.0,2.6,"2,007"
Florida,"18,040","2,250",178,12.5,1.0,"2,007"
Georgia,"9,486","1,294",132,13.6,1.3,"2,007"
Hawaii,"1,264",94,20,7.5,1.5,"2,007"
Idaho,"1,501",149,26,9.9,1.8,"2,007"
Illinois,"12,680","1,262",135,10.0,1.2,"2,007"
Indiana,"6,258",740,100,11.8,1.6,"2,007"
Iowa,"2,965",264,51,8.9,1.8,"2,007"
Kansas,"2,720",319,54,11.7,2.0,"2,007"
Kentucky,"4,202",653,90,15.5,2.1,"2,007"
Louisiana,"4,186",673,92,16.1,2.1,"2,007"
Maine,"1,312",142,26,10.9,2.0,"2,007"
Maryland,"5,560",491,86,8.8,1.5,"2,007"
Massachusetts,"6,336",707,97,11.2,1.5,"2,007"
Michigan,"9,919","1,076",122,10.8,1.3,"2,007"
Minnesota,"5,188",482,82,9.3,1.6,"2,007"
Mississippi,"2,895",655,72,22.6,2.5,"2,007"
Missouri,"5,783",742,102,12.8,1.8,"2,007"
Montana,938,122,20,13.0,2.0,"2,007"
Nebraska,"1,751",174,33,9.9,1.8,"2,007"
Nevada,"2,566",250,46,9.7,1.8,"2,007"
New Hampshire,"1,312",76,18,5.8,1.5,"2,007"
New Jersey,"8,548",742,104,8.7,1.2,"2,007"
New Mexico,"1,941",271,44,14.0,2.3,"2,007"
New York,"19,020","2,757",199,14.5,1.0,"2,007"
North Carolina,"9,170","1,423",138,15.5,1.5,"2,007"
North Dakota,614,57,12,9.3,1.8,"2,007"
Ohio,"11,280","1,446",140,12.8,1.3,"2,007"
Oklahoma,"3,551",476,72,13.4,2.1,"2,007"
Oregon,"3,761",481,77,12.8,2.1,"2,007"
Pennsylvania,"12,300","1,273",133,10.4,1.2,"2,007"
Rhode Island,"1,042",99,20,9.5,1.8,"2,007"
South Carolina,"4,380",617,89,14.1,2.0,"2,007"
South Dakota,787,74,13,9.4,1.6,"2,007"
Tennessee,"6,137",906,109,14.8,1.8,"2,007"
Texas,"23,650","3,903",243,16.5,1.0,"2,007"
Utah,"2,651",255,43,9.6,1.6,"2,007"
Vermont,613,61,12,9.9,2.0,"2,007"
Virginia,"7,678",664,97,8.6,1.3,"2,007"
Washington,"6,503",661,99,10.2,1.5,"2,007"
West Virginia,"1,793",265,36,14.8,2.0,"2,007"
Wisconsin,"5,458",601,92,11.0,1.6,"2,007"
Wyoming,518,56,10,10.9,2.0,"2,007"
Alabama,"4,532",650,92,14.3,2.0,"2,006"
Alaska,658,58,12,8.9,1.8,"2,006"
Arizona,"6,256",902,117,14.4,1.8,"2,006"
Arkansas,"2,748",487,63,17.7,2.3,"2,006"
California,"36,160","4,427",263,12.2,0.7,"2,006"
Colorado,"4,797",466,86,9.7,1.8,"2,006"
Connecticut,"3,457",275,56,8.0,1.6,"2,006"
Delaware,858,80,15,9.3,1.8,"2,006"
District of Columbia,569,104,15,18.3,2.6,"2,006"
Florida,"18,030","2,068",171,11.5,1.0,"2,006"
Georgia,"9,334","1,172",125,12.6,1.3,"2,006"
Hawaii,"1,254",116,21,9.2,1.6,"2,006"
Idaho,"1,472",141,26,9.5,1.8,"2,006"
Illinois,"12,630","1,338",140,10.6,1.2,"2,006"
Indiana,"6,334",674,97,10.6,1.5,"2,006"
Iowa,"2,913",301,54,10.3,1.8,"2,006"
Kansas,"2,719",349,56,12.8,2.1,"2,006"
Kentucky,"4,106",690,92,16.8,2.3,"2,006"
Louisiana,"4,206",713,94,17.0,2.3,"2,006"
Maine,"1,313",134,26,10.2,2.0,"2,006"
Maryland,"5,607",469,84,8.4,1.5,"2,006"
Massachusetts,"6,324",758,100,12.0,1.6,"2,006"
Michigan,"9,953","1,323",133,13.3,1.3,"2,006"
Minnesota,"5,145",422,77,8.2,1.5,"2,006"
Mississippi,"2,887",596,69,20.6,2.5,"2,006"
Missouri,"5,797",659,95,11.4,1.6,"2,006"
Montana,930,125,20,13.5,2.1,"2,006"
Nebraska,"1,765",180,33,10.2,1.8,"2,006"
Nevada,"2,530",241,46,9.5,1.8,"2,006"
New Hampshire,"1,308",71,18,5.4,1.3,"2,006"
New Jersey,"8,650",762,105,8.8,1.2,"2,006"
New Mexico,"1,939",328,48,16.9,2.5,"2,006"
New York,"19,020","2,668",196,14.0,1.0,"2,006"
North Carolina,"8,847","1,225",130,13.8,1.5,"2,006"
North Dakota,615,70,12,11.4,2.0,"2,006"
Ohio,"11,300","1,371",137,12.1,1.2,"2,006"
Oklahoma,"3,489",531,77,15.2,2.1,"2,006"
Oregon,"3,705",439,74,11.8,2.0,"2,006"
Pennsylvania,"12,330","1,397",138,11.3,1.2,"2,006"
Rhode Island,"1,054",110,21,10.5,2.0,"2,006"
South Carolina,"4,224",474,81,11.2,2.0,"2,006"
South Dakota,770,82,13,10.7,1.8,"2,006"
Tennessee,"5,916",879,107,14.9,1.8,"2,006"
Texas,"23,210","3,816",242,16.4,1.0,"2,006"
Utah,"2,536",235,41,9.3,1.6,"2,006"
Vermont,618,48,10,7.8,1.8,"2,006"
Virginia,"7,532",651,95,8.6,1.3,"2,006"
Washington,"6,310",502,87,8.0,1.3,"2,006"
West Virginia,"1,810",277,36,15.3,2.0,"2,006"
Wisconsin,"5,471",555,89,10.1,1.6,"2,006"
Wyoming,516,51,10,10.0,2.0,"2,006"
Alabama,"4,501",750,97,16.7,2.1,"2,005"
Alaska,657,66,12,10.0,1.8,"2,005"
Arizona,"6,025",917,117,15.2,2.0,"2,005"
Arkansas,"2,756",382,56,13.8,2.1,"2,005"
California,"35,840","4,716",270,13.2,0.8,"2,005"
Colorado,"4,629",530,90,11.4,2.0,"2,005"
Connecticut,"3,483",326,61,9.3,1.8,"2,005"
Delaware,842,78,15,9.2,1.8,"2,005"
District of Columbia,539,115,15,21.3,2.8,"2,005"
Florida,"17,850","1,975",168,11.1,1.0,"2,005"
Georgia,"9,014","1,298",132,14.4,1.5,"2,005"
Hawaii,"1,274",110,20,8.6,1.6,"2,005"
Idaho,"1,441",143,26,9.9,1.8,"2,005"
Illinois,"12,570","1,441",143,11.5,1.2,"2,005"
Indiana,"6,131",774,102,12.6,1.6,"2,005"
Iowa,"2,902",327,56,11.3,2.0,"2,005"
Kansas,"2,693",337,56,12.5,2.1,"2,005"
Kentucky,"4,049",599,87,14.8,2.1,"2,005"
Louisiana,"4,086",748,95,18.3,2.3,"2,005"
Maine,"1,314",166,28,12.6,2.1,"2,005"
Maryland,"5,560",542,89,9.7,1.6,"2,005"
Massachusetts,"6,318",641,94,10.1,1.5,"2,005"
Michigan,"9,964","1,196",128,12.0,1.3,"2,005"
Minnesota,"5,113",412,76,8.1,1.5,"2,005"
Mississippi,"2,843",571,67,20.1,2.5,"2,005"
Missouri,"5,697",659,95,11.6,1.6,"2,005"
Montana,926,128,20,13.8,2.1,"2,005"
Nebraska,"1,760",167,31,9.5,1.8,"2,005"
Nevada,"2,447",260,48,10.6,2.0,"2,005"
New Hampshire,"1,298",73,18,5.6,1.5,"2,005"
New Jersey,"8,692",592,94,6.8,1.2,"2,005"
New Mexico,"1,938",347,48,17.9,2.5,"2,005"
New York,"19,000","2,760",199,14.5,1.0,"2,005"
North Carolina,"8,538","1,115",123,13.1,1.5,"2,005"
North Dakota,625,70,12,11.2,2.0,"2,005"
Ohio,"11,310","1,392",138,12.3,1.2,"2,005"
Oklahoma,"3,486",543,77,15.6,2.3,"2,005"
Oregon,"3,619",436,74,12.0,2.1,"2,005"
Pennsylvania,"12,240","1,372",138,11.2,1.2,"2,005"
Rhode Island,"1,052",127,21,12.1,2.1,"2,005"
South Carolina,"4,164",626,90,15.0,2.1,"2,005"
South Dakota,765,90,13,11.8,1.8,"2,005"
Tennessee,"5,853",872,107,14.9,1.8,"2,005"
Texas,"22,780","3,681",237,16.2,1.0,"2,005"
Utah,"2,521",232,39,9.2,1.6,"2,005"
Vermont,621,47,10,7.6,1.6,"2,005"
Virginia,"7,442",684,99,9.2,1.3,"2,005"
Washington,"6,237",636,97,10.2,1.5,"2,005"
West Virginia,"1,795",276,36,15.4,2.0,"2,005"
Wisconsin,"5,440",553,89,10.2,1.6,"2,005"
Wyoming,509,54,10,10.6,2.0,"2,005"
Alabama,"4,508",762,97,16.9,2.1,"2,004"
Alaska,648,59,12,9.1,1.8,"2,004"
Arizona,"5,763",830,112,14.4,2.0,"2,004"
Arkansas,"2,723",412,58,15.1,2.1,"2,004"
California,"35,770","4,724",271,13.2,0.8,"2,004"
Colorado,"4,517",450,84,10.0,1.8,"2,004"
Connecticut,"3,487",352,63,10.1,1.8,"2,004"
Delaware,825,74,15,9.0,1.8,"2,004"
District of Columbia,545,93,15,17.0,2.6,"2,004"
Florida,"17,420","2,028",169,11.6,1.0,"2,004"
Georgia,"8,700","1,132",123,13.0,1.5,"2,004"
Hawaii,"1,244",106,20,8.6,1.6,"2,004"
Idaho,"1,372",136,25,9.9,1.8,"2,004"
Illinois,"12,560","1,546",148,12.3,1.2,"2,004"
Indiana,"6,121",712,99,11.6,1.6,"2,004"
Iowa,"2,901",316,56,10.9,2.0,"2,004"
Kansas,"2,669",304,53,11.4,2.0,"2,004"
Kentucky,"4,068",723,94,17.8,2.3,"2,004"
Louisiana,"4,419",744,95,16.8,2.1,"2,004"
Maine,"1,290",149,28,11.6,2.1,"2,004"
Maryland,"5,539",550,89,9.9,1.6,"2,004"
Massachusetts,"6,363",594,90,9.3,1.5,"2,004"
Michigan,"9,939","1,318",133,13.3,1.3,"2,004"
Minnesota,"5,120",356,71,7.0,1.5,"2,004"
Mississippi,"2,862",536,66,18.7,2.3,"2,004"
Missouri,"5,609",686,99,12.2,1.8,"2,004"
Montana,908,129,20,14.2,2.1,"2,004"
Nebraska,"1,724",163,31,9.5,1.8,"2,004"
Nevada,"2,385",260,48,10.9,2.0,"2,004"
New Hampshire,"1,291",71,18,5.5,1.5,"2,004"
New Jersey,"8,652",693,100,8.0,1.2,"2,004"
New Mexico,"1,899",314,46,16.5,2.5,"2,004"
New York,"19,010","2,847",201,15.0,1.0,"2,004"
North Carolina,"8,421","1,229",130,14.6,1.5,"2,004"
North Dakota,627,61,12,9.7,1.8,"2,004"
Ohio,"11,260","1,304",133,11.6,1.2,"2,004"
Oklahoma,"3,444",373,66,10.8,2.0,"2,004"
Oregon,"3,572",421,74,11.8,2.1,"2,004"
Pennsylvania,"12,140","1,383",138,11.4,1.2,"2,004"
Rhode Island,"1,055",122,21,11.5,2.0,"2,004"
South Carolina,"4,120",615,89,14.9,2.1,"2,004"
South Dakota,751,102,15,13.5,2.0,"2,004"
Tennessee,"5,846",932,110,15.9,1.8,"2,004"
Texas,"22,290","3,669",237,16.5,1.2,"2,004"
Utah,"2,390",241,41,10.1,1.6,"2,004"
Vermont,616,48,12,7.8,1.8,"2,004"
Virginia,"7,369",693,99,9.4,1.3,"2,004"
Washington,"6,116",700,100,11.4,1.6,"2,004"
West Virginia,"1,791",254,35,14.2,2.0,"2,004"
Wisconsin,"5,456",676,97,12.4,1.8,"2,004"
Wyoming,496,50,10,10.0,2.0,"2,004"
Alabama,"4,417",663,92,15.0,2.0,"2,003"
Alaska,643,62,10,9.6,1.5,"2,003"
Arizona,"5,558",749,115,13.5,2.0,"2,003"
Arkansas,"2,670",474,64,17.8,2.1,"2,003"
California,"35,310","4,634",326,13.1,0.8,"2,003"
Colorado,"4,478",436,66,9.7,1.3,"2,003"
Connecticut,"3,417",278,46,8.1,1.3,"2,003"
Delaware,818,60,12,7.3,1.5,"2,003"
District of Columbia,550,92,13,16.8,2.3,"2,003"
Florida,"16,880","2,148",188,12.7,1.0,"2,003"
Georgia,"8,559","1,014",155,11.9,1.6,"2,003"
Hawaii,"1,250",117,20,9.3,1.5,"2,003"
Idaho,"1,356",138,25,10.2,1.6,"2,003"
Illinois,"12,620","1,592",156,12.6,1.2,"2,003"
Indiana,"6,130",610,89,9.9,1.3,"2,003"
Iowa,"2,916",260,43,8.9,1.5,"2,003"
Kansas,"2,676",288,44,10.8,1.6,"2,003"
Kentucky,"4,100",589,82,14.4,1.8,"2,003"
Louisiana,"4,422",750,104,17.0,2.1,"2,003"
Maine,"1,279",149,21,11.6,1.5,"2,003"
Maryland,"5,485",472,77,8.6,1.3,"2,003"
Massachusetts,"6,357",652,92,10.3,1.3,"2,003"
Michigan,"9,893","1,125",127,11.4,1.2,"2,003"
Minnesota,"5,075",376,66,7.4,1.3,"2,003"
Mississippi,"2,851",456,67,16.0,2.1,"2,003"
Missouri,"5,606",602,90,10.7,1.5,"2,003"
Montana,915,139,21,15.1,2.1,"2,003"
Nebraska,"1,725",168,28,9.8,1.6,"2,003"
Nevada,"2,242",244,36,10.9,1.5,"2,003"
New Hampshire,"1,263",73,15,5.8,1.2,"2,003"
New Jersey,"8,574",741,99,8.6,1.2,"2,003"
New Mexico,"1,867",338,49,18.1,2.5,"2,003"
New York,"18,920","2,707",197,14.3,1.0,"2,003"
North Carolina,"8,223","1,289",141,15.7,1.6,"2,003"
North Dakota,631,61,10,9.7,1.5,"2,003"
Ohio,"11,230","1,226",137,10.9,1.2,"2,003"
Oklahoma,"3,430",440,66,12.8,1.8,"2,003"
Oregon,"3,560",446,66,12.5,1.8,"2,003"
Pennsylvania,"12,140","1,279",135,10.5,1.0,"2,003"
Rhode Island,"1,051",121,16,11.5,1.5,"2,003"
South Carolina,"4,060",516,76,12.7,1.8,"2,003"
South Dakota,749,95,13,12.7,1.6,"2,003"
Tennessee,"5,901",829,123,14.0,2.0,"2,003"
Texas,"21,830","3,705",280,17.0,1.2,"2,003"
Utah,"2,346",213,38,9.1,1.5,"2,003"
Vermont,610,52,8,8.5,1.5,"2,003"
Virginia,"7,367",740,117,10.0,1.5,"2,003"
Washington,"6,078",766,112,12.6,1.8,"2,003"
West Virginia,"1,785",310,38,17.4,2.0,"2,003"
Wisconsin,"5,412",528,79,9.8,1.3,"2,003"
Wyoming,487,48,8,9.8,1.6,"2,003"
Alabama,"4,432",640,90,14.5,2.0,"2,002"
Alaska,632,56,10,8.8,1.5,"2,002"
Arizona,"5,424",735,114,13.5,2.0,"2,002"
Arkansas,"2,690",532,69,19.8,2.3,"2,002"
California,"35,070","4,605",324,13.1,0.8,"2,002"
Colorado,"4,470",436,66,9.8,1.3,"2,002"
Connecticut,"3,377",279,46,8.3,1.3,"2,002"
Delaware,796,73,13,9.1,1.6,"2,002"
District of Columbia,570,97,13,17.0,2.3,"2,002"
Florida,"16,390","2,058",184,12.6,1.0,"2,002"
Georgia,"8,413",939,148,11.2,1.6,"2,002"
Hawaii,"1,219",138,23,11.3,1.6,"2,002"
Idaho,"1,296",147,25,11.3,1.8,"2,002"
Illinois,"12,500","1,594",158,12.8,1.2,"2,002"
Indiana,"6,086",552,84,9.1,1.3,"2,002"
Iowa,"2,899",267,44,9.2,1.5,"2,002"
Kansas,"2,681",269,43,10.1,1.5,"2,002"
Kentucky,"4,033",571,81,14.2,1.8,"2,002"
Louisiana,"4,445",777,105,17.5,2.1,"2,002"
Maine,"1,265",170,21,13.4,1.6,"2,002"
Maryland,"5,419",400,72,7.4,1.3,"2,002"
Massachusetts,"6,469",648,92,10.0,1.3,"2,002"
Michigan,"9,897","1,152",128,11.6,1.2,"2,002"
Minnesota,"5,044",325,61,6.5,1.2,"2,002"
Mississippi,"2,785",513,72,18.4,2.3,"2,002"
Missouri,"5,581",551,87,9.9,1.5,"2,002"
Montana,902,122,20,13.5,2.1,"2,002"
Nebraska,"1,700",181,30,10.6,1.6,"2,002"
Nevada,"2,114",188,31,8.9,1.5,"2,002"
New Hampshire,"1,264",73,15,5.8,1.2,"2,002"
New Jersey,"8,585",681,94,7.9,1.0,"2,002"
New Mexico,"1,837",328,49,17.9,2.5,"2,002"
New York,"19,220","2,690",197,14.0,1.0,"2,002"
North Carolina,"8,146","1,165",135,14.3,1.5,"2,002"
North Dakota,632,73,12,11.6,1.6,"2,002"
Ohio,"11,250","1,099",130,9.8,1.2,"2,002"
Oklahoma,"3,473",489,71,14.1,1.8,"2,002"
Oregon,"3,503",380,61,10.9,1.6,"2,002"
Pennsylvania,"12,170","1,152",128,9.5,1.0,"2,002"
Rhode Island,"1,055",116,16,11.0,1.5,"2,002"
South Carolina,"3,989",568,81,14.3,1.8,"2,002"
South Dakota,743,85,13,11.5,1.6,"2,002"
Tennessee,"5,655",839,123,14.8,2.0,"2,002"
Texas,"21,480","3,362",266,15.6,1.2,"2,002"
Utah,"2,308",228,39,9.9,1.6,"2,002"
Vermont,616,61,10,9.9,1.5,"2,002"
Virginia,"7,108",702,114,9.9,1.5,"2,002"
Washington,"5,988",657,104,11.0,1.6,"2,002"
West Virginia,"1,747",293,36,16.8,2.0,"2,002"
Wisconsin,"5,463",467,74,8.6,1.3,"2,002"
Wyoming,488,44,8,9.0,1.5,"2,002"
,,,,,,
,,,,,,
,,,,,,
,,,,,,
,,,,,,
,,,,,,
,,,,,,
,,,,,,
,,,,,,
,,,,,,
,,,,,,
,,,,,,
,,,,,,
,,,,,,
,,,,,,
,,,,,,
,,,,,,
,,,,,,
,,,,,,
,,,,,,
,,,,,,
,,,,,,
,,,,,,
,,,,,,
,,,,,,
,,,,,,
,,,,,,
,,,,,,
,,,,,,
,,,,,,
,,,,,,
,,,,,,
,,,,,,
,,,,,,
,,,,,,
,,,,,,
,,,,,,
,,,,,,
,,,,,,
,,,,,,
,,,,,,
,,,,,,
,,,,,,
,,,,,,
,,,,,,
,,,,,,
,,,,,,
,,,,,,
,,,,,,
,,,,,,
,,,,,,
,,,,,,
,,,,,,
,,,,,,
,,,,,,
,,,,,,
,,,,,,
,,,,,,
,,,,,,
,,,,,,
,,,,,,
,,,,,,
,,,,,,
,,,,,,
,,,,,,
,,,,,,
,,,,,,
,,,,,,
,,,,,,
,,,,,,
,,,,,,
,,,,,,
,,,,,,
,,,,,,
,,,,,,
,,,,,,
,,,,,,
,,,,,,
,,,,,,
,,,,,,
,,,,,,
,,,,,,
,,,,,,
,,,,,,
,,,,,,
,,,,,,
,,,,,,
,,,,,,
,,,,,,
,,,,,,
,,,,,,
,,,,,,
,,,,,,
,,,,,,
,,,,,,
,,,,,,
,,,,,,
,,,,,,
,,,,,,
,,,,,,
,,,,,,
,,,,,,
,,,,,,
,,,,,,
,,,,,,
,,,,,,
,,,,,,
,,,,,,
,,,,,,
,,,,,,
,,,,,,
,,,,,,
,,,,,,
,,,,,,
,,,,,,
,,,,,,
,,,,,,
,,,,,,
,,,,,,
,,,,,,
,,,,,,
,,,,,,
,,,,,,
,,,,,,
,,,,,,
,,,,,,
,,,,,,
,,,,,,
,,,,,,
,,,,,,
,,,,,,
,,,,,,
,,,,,,
,,,,,,
,,,,,,
,,,,,,
,,,,,,
,,,,,,
,,,,,,
,,,,,,
,,,,,,
,,,,,,
,,,,,,
,,,,,,
,,,,,,
,,,,,,
,,,,,,
,,,,,,
,,,,,,
,,,,,,
,,,,,,
,,,,,,
,,,,,,
,,,,,,
,,,,,,
,,,,,,
,,,,,,
,,,,,,
,,,,,,
,,,,,,
,,,,,,
,,,,,,
,,,,,,
,,,,,,
,,,,,,
,,,,,,
,,,,,,
,,,,,,
,,,,,,
,,,,,,
,,,,,,
,,,,,,
,,,,,,
,,,,,,
,,,,,,
,,,,,,
,,,,,,
,,,,,,
,,,,,,
,,,,,,
,,,,,,
,,,,,,
,,,,,,
,,,,,,
,,,,,,
,,,,,,
,,,,,,
,,,,,,
,,,,,,
,,,,,,
,,,,,,
,,,,,,
,,,,,,
,,,,,,
,,,,,,
,,,,,,
,,,,,,
,,,,,,
,,,,,,
,,,,,,
,,,,,,
,,,,,,
,,,,,,
,,,,,,
,,,,,,
,,,,,,
,,,,,,
,,,,,,
,,,,,,
,,,,,,
,,,,,,
,,,,,,
,,,,,,
,,,,,,
,,,,,,
,,,,,,
,,,,,,
,,,,,,
,,,,,,
,,,,,,
,,,,,,
,,,,,,
,,,,,,
,,,,,,
,,,,,,
,,,,,,
,,,,,,
,,,,,,
,,,,,,
,,,,,,
,,,,,,
,,,,,,
,,,,,,
,,,,,,
,,,,,,
,,,,,,
,,,,,,
,,,,,,
,,,,,,
,,,,,,
,,,,,,
,,,,,,
,,,,,,
,,,,,,
,,,,,,
,,,,,,
,,,,,,
,,,,,,
,,,,,,
,,,,,,
,,,,,,
,,,,,,
,,,,,,
,,,,,,
,,,,,,
,,,,,,
,,,,,,
,,,,,,
,,,,,,
,,,,,,
,,,,,,
,,,,,,
,,,,,,
,,,,,,
,,,,,,
,,,,,,
,,,,,,
,,,,,,
,,,,,,
,,,,,,
,,,,,,
,,,,,,
,,,,,,
,,,,,,
,,,,,,
,,,,,,
,,,,,,
,,,,,,
,,,,,,
,,,,,,
,,,,,,
,,,,,,
,,,,,,
,,,,,,
,,,,,,
,,,,,,
,,,,,,
,,,,,,
,,,,,,
,,,,,,
,,,,,,
,,,,,,
,,,,,,
,,,,,,
,,,,,,
,,,,,,
,,,,,,
,,,,,,
,,,,,,
,,,,,,
,,,,,,
,,,,,,
,,,,,,
,,,,,,
,,,,,,
,,,,,,
,,,,,,
,,,,,,
,,,,,,
,,,,,,
,,,,,,
,,,,,,
,,,,,,
,,,,,,
,,,,,,
,,,,,,
,,,,,,
,,,,,,
,,,,,,
,,,,,,
,,,,,,
,,,,,,
,,,,,,
,,,,,,
,,,,,,
,,,,,,
,,,,,,
,,,,,,
,,,,,,
,,,,,,
,,,,,,
,,,,,,
,,,,,,
,,,,,,
,,,,,,
,,,,,,
,,,,,,
,,,,,,
,,,,,,
,,,,,,
,,,,,,
,,,,,,
,,,,,,
,,,,,,
,,,,,,
,,,,,,
,,,,,,
,,,,,,
,,,,,,
,,,,,,
,,,,,,
,,,,,,
,,,,,,
,,,,,,
,,,,,,
,,,,,,
,,,,,,
,,,,,,
,,,,,,
,,,,,,
,,,,,,
,,,,,,
,,,,,,
,,,,,,
,,,,,,
,,,,,,
,,,,,,
,,,,,,
,,,,,,
,,,,,,
,,,,,,
,,,,,,
,,,,,,
,,,,,,
,,,,,,
,,,,,,
,,,,,,
,,,,,,
,,,,,,
,,,,,,
,,,,,,
,,,,,,
,,,,,,
,,,,,,
,,,,,,
,,,,,,
,,,,,,
,,,,,,
,,,,,,
,,,,,,
,,,,,,
,,,,,,
,,,,,,
,,,,,,
,,,,,,
,,,,,,
,,,,,,
,,,,,,
,,,,,,
,,,,,,
,,,,,,
,,,,,,
,,,,,,
,,,,,,
,,,,,,
,,,,,,
,,,,,,
,,,,,,
,,,,,,
,,,,,,
,,,,,,
,,,,,,
,,,,,,
,,,,,,
,,,,,,
,,,,,,
,,,,,,
,,,,,,
,,,,,,
,,,,,,
,,,,,,
,,,,,,
,,,,,,
,,,,,,
,,,,,,
,,,,,,
,,,,,,
,,,,,,
,,,,,,
,,,,,,
,,,,,,
,,,,,,
,,,,,,
,,,,,,
,,,,,,
,,,,,,
,,,,,,
,,,,,,
,,,,,,
,,,,,,
,,,,,,
,,,,,,
,,,,,,
,,,,,,
,,,,,,
,,,,,,
,,,,,,
,,,,,,
,,,,,,
,,,,,,
,,,,,,
,,,,,,
,,,,,,
,,,,,,
,,,,,,
,,,,,,
,,,,,,
,,,,,,
,,,,,,
,,,,,,
,,,,,,
,,,,,,
,,,,,,
,,,,,,
,,,,,,
,,,,,,
,,,,,,
,,,,,,
,,,,,,
,,,,,,
,,,,,,
,,,,,,
,,,,,,
,,,,,,
,,,,,,
,,,,,,
,,,,,,
,,,,,,
,,,,,,
,,,,,,
,,,,,,
,,,,,,
,,,,,,
,,,,,,
,,,,,,
,,,,,,
,,,,,,
,,,,,,
,,,,,,
,,,,,,
,,,,,,
,,,,,,
,,,,,,
,,,,,,
,,,,,,
,,,,,,
,,,,,,
,,,,,,
,,,,,,
,,,,,,
,,,,,,
,,,,,,
,,,,,,
,,,,,,
,,,,,,
,,,,,,
,,,,,,
,,,,,,
,,,,,,
,,,,,,
,,,,,,
,,,,,,
,,,,,,
,,,,,,
,,,,,,
,,,,,,
,,,,,,
,,,,,,
,,,,,,
,,,,,,
,,,,,,
,,,,,,
,,,,,,
,,,,,,
,,,,,,
,,,,,,
,,,,,,
,,,,,,
,,,,,,
,,,,,,
,,,,,,
,,,,,,
,,,,,,
,,,,,,
,,,,,,
,,,,,,
,,,,,,
,,,,,,
,,,,,,
,,,,,,
,,,,,,
,,,,,,
,,,,,,
,,,,,,
,,,,,,
,,,,,,
,,,,,,
,,,,,,
,,,,,,
,,,,,,
,,,,,,
,,,,,,
,,,,,,
,,,,,,
,,,,,,
,,,,,,
,,,,,,
,,,,,,
,,,,,,
,,,,,,
,,,,,,
,,,,,,
,,,,,,
,,,,,,
,,,,,,
,,,,,,
,,,,,,
,,,,,,
,,,,,,
,,,,,,
,,,,,,
,,,,,,
,,,,,,
,,,,,,
,,,,,,
,,,,,,
,,,,,,
,,,,,,
,,,,,,
,,,,,,
,,,,,,
,,,,,,
,,,,,,
,,,,,,
,,,,,,
,,,,,,
,,,,,,
,,,,,,
,,,,,,
,,,,,,
,,,,,,
,,,,,,
,,,,,,
,,,,,,
,,,,,,
,,,,,,
,,,,,,
,,,,,,
,,,,,,
,,,,,,
,,,,,,
,,,,,,
,,,,,,
,,,,,,
,,,,,,
,,,,,,
,,,,,,
,,,,,,
,,,,,,
,,,,,,
,,,,,,
,,,,,,
,,,,,,
,,,,,,
,,,,,,
,,,,,,
,,,,,,
,,,,,,
,,,,,,
,,,,,,
,,,,,,
,,,,,,
,,,,,,
,,,,,,
,,,,,,
,,,,,,
,,,,,,
,,,,,,
,,,,,,
,,,,,,
,,,,,,
,,,,,,
,,,,,,
,,,,,,
,,,,,,
,,,,,,
,,,,,,
,,,,,,
,,,,,,
,,,,,,
,,,,,,
,,,,,,
,,,,,,
,,,,,,
,,,,,,
,,,,,,
,,,,,,
,,,,,,
,,,,,,
,,,,,,
,,,,,,
,,,,,,
,,,,,,
,,,,,,
,,,,,,
,,,,,,
,,,,,,
,,,,,,
,,,,,,
,,,,,,
,,,,,,
,,,,,,
,,,,,,
,,,,,,
,,,,,,
,,,,,,
,,,,,,
,,,,,,
,,,,,,
,,,,,,
,,,,,,
,,,,,,
,,,,,,
,,,,,,
,,,,,,
,,,,,,
,,,,,,
,,,,,,
,,,,,,
,,,,,,
,,,,,,
,,,,,,
,,,,,,
,,,,,,
,,,,,,
,,,,,,
,,,,,,
,,,,,,
,,,,,,
,,,,,,
,,,,,,
,,,,,,
,,,,,,
,,,,,,
,,,,,,
,,,,,,
,,,,,,
,,,,,,
,,,,,,
,,,,,,
,,,,,,
,,,,,,
,,,,,,
,,,,,,
,,,,,,
,,,,,,
,,,,,,
,,,,,,
,,,,,,
,,,,,,
,,,,,,
,,,,,,
,,,,,,
,,,,,,
,,,,,,
,,,,,,
,,,,,,
,,,,,,
,,,,,,
,,,,,,
,,,,,,
,,,,,,
,,,,,,
,,,,,,
,,,,,,
,,,,,,
,,,,,,
,,,,,,
,,,,,,
,,,,,,
,,,,,,
,,,,,,
,,,,,,
,,,,,,
,,,,,,
,,,,,,
,,,,,,
,,,,,,
,,,,,,
,,,,,,
,,,,,,
,,,,,,
,,,,,,
,,,,,,
,,,,,,
,,,,,,
,,,,,,
,,,,,,
,,,,,,
,,,,,,
,,,,,,
,,,,,,
,,,,,,
,,,,,,
,,,,,,
,,,,,,
,,,,,,
,,,,,,
,,,,,,
,,,,,,
,,,,,,
,,,,,,
,,,,,,
,,,,,,
,,,,,,
,,,,,,
,,,,,,
,,,,,,
,,,,,,
,,,,,,
,,,,,,
,,,,,,
,,,,,,
,,,,,,
,,,,,,
,,,,,,
,,,,,,
,,,,,,
,,,,,,
,,,,,,
,,,,,,
,,,,,,
,,,,,,
,,,,,,
,,,,,,
,,,,,,
,,,,,,
,,,,,,
,,,,,,
,,,,,,
,,,,,,
,,,,,,
,,,,,,
,,,,,,
,,,,,,
,,,,,,
,,,,,,
,,,,,,
,,,,,,
,,,,,,
,,,,,,
,,,,,,
,,,,,,
,,,,,,
,,,,,,
,,,,,,
,,,,,,
,,,,,,
,,,,,,
,,,,,,
,,,,,,
,,,,,,
,,,,,,
,,,,,,
,,,,,,
,,,,,,
,,,,,,
,,,,,,
,,,,,,
,,,,,,
,,,,,,
,,,,,,
,,,,,,
,,,,,,
,,,,,,
,,,,,,
,,,,,,
,,,,,,
,,,,,,
,,,,,,
,,,,,,
,,,,,,
,,,,,,
,,,,,,
,,,,,,
,,,,,,
,,,,,,
,,,,,,
,,,,,,
,,,,,,
,,,,,,
,,,,,,
,,,,,,
,,,,,,
,,,,,,
,,,,,,
,,,,,,
,,,,,,
,,,,,,
,,,,,,
,,,,,,
,,,,,,
,,,,,,
,,,,,,
,,,,,,
,,,,,,
,,,,,,
,,,,,,
,,,,,,
,,,,,,
,,,,,,
,,,,,,
,,,,,,
,,,,,,
,,,,,,
,,,,,,
,,,,,,
,,,,,,
,,,,,,
,,,,,,
,,,,,,
,,,,,,
,,,,,,
,,,,,,
,,,,,,
,,,,,,
,,,,,,
,,,,,,
,,,,,,
,,,,,,
,,,,,,
,,,,,,
,,,,,,
,,,,,,
,,,,,,
,,,,,,
,,,,,,
,,,,,,
,,,,,,
,,,,,,
,,,,,,
,,,,,,
,,,,,,
,,,,,,
,,,,,,
,,,,,,
,,,,,,
,,,,,,
,,,,,,
,,,,,,
,,,,,,
,,,,,,
,,,,,,
,,,,,,
,,,,,,
,,,,,,
,,,,,,
,,,,,,
,,,,,,
,,,,,,
,,,,,,
,,,,,,
,,,,,,
,,,,,,
,,,,,,
,,,,,,
,,,,,,
,,,,,,
,,,,,,
,,,,,,
,,,,,,
,,,,,,
,,,,,,
,,,,,,
,,,,,,
,,,,,,
,,,,,,
,,,,,,
,,,,,,
,,,,,,
,,,,,,
,,,,,,
,,,,,,
,,,,,,
,,,,,,
,,,,,,
,,,,,,
,,,,,,
,,,,,,
,,,,,,
,,,,,,
,,,,,,
,,,,,,
,,,,,,
,,,,,,
,,,,,,
,,,,,,
,,,,,,
,,,,,,
,,,,,,
,,,,,,
,,,,,,
,,,,,,
,,,,,,
,,,,,,
,,,,,,
,,,,,,
,,,,,,
,,,,,,
,,,,,,
,,,,,,
,,,,,,
,,,,,,
,,,,,,
,,,,,,
,,,,,,
,,,,,,
,,,,,,
,,,,,,
,,,,,,
,,,,,,
,,,,,,
,,,,,,
,,,,,,
,,,,,,
,,,,,,
,,,,,,
,,,,,,
,,,,,,
,,,,,,
,,,,,,
,,,,,,
,,,,,,
,,,,,,
,,,,,,
,,,,,,
,,,,,,
,,,,,,
,,,,,,
,,,,,,
,,,,,,
,,,,,,
,,,,,,
,,,,,,
,,,,,,
,,,,,,
,,,,,,
,,,,,,
,,,,,,
,,,,,,
,,,,,,
,,,,,,
,,,,,,
,,,,,,
,,,,,,
,,,,,,
,,,,,,
,,,,,,
,,,,,,
,,,,,,
,,,,,,
,,,,,,
,,,,,,
,,,,,,
,,,,,,
,,,,,,
,,,,,,
,,,,,,
,,,,,,
,,,,,,
,,,,,,
,,,,,,
,,,,,,
,,,,,,
,,,,,,
,,,,,,
,,,,,,
,,,,,,
,,,,,,
,,,,,,
,,,,,,
,,,,,,
,,,,,,
,,,,,,
,,,,,,
,,,,,,
,,,,,,
,,,,,,
,,,,,,
,,,,,,
,,,,,,
,,,,,,
,,,,,,
,,,,,,
,,,,,,
,,,,,,
,,,,,,
,,,,,,
,,,,,,
,,,,,,
,,,,,,
,,,,,,
,,,,,,
,,,,,,
,,,,,,
,,,,,,
,,,,,,
,,,,,,
,,,,,,
,,,,,,
,,,,,,
,,,,,,
,,,,,,
,,,,,,
,,,,,,
,,,,,,
,,,,,,
,,,,,,
,,,,,,
,,,,,,
,,,,,,
,,,,,,
,,,,,,
,,,,,,
,,,,,,
,,,,,,
,,,,,,
,,,,,,
,,,,,,
,,,,,,
,,,,,,
,,,,,,
,,,,,,
,,,,,,
,,,,,,
,,,,,,
,,,,,,
,,,,,,
,,,,,,
,,,,,,
,,,,,,
,,,,,,
,,,,,,
,,,,,,
,,,,,,
,,,,,,
,,,,,,
,,,,,,
,,,,,,
,,,,,,
,,,,,,
,,,,,,
,,,,,,
,,,,,,
,,,,,,
,,,,,,
,,,,,,
,,,,,,
,,,,,,
,,,,,,
,,,,,,
,,,,,,
,,,,,,
,,,,,,
,,,,,,
,,,,,,
,,,,,,
,,,,,,
,,,,,,
,,,,,,
,,,,,,
,,,,,,
,,,,,,
,,,,,,
,,,,,,
,,,,,,
,,,,,,
,,,,,,
,,,,,,
,,,,,,
,,,,,,
,,,,,,
,,,,,,
,,,,,,
,,,,,,
,,,,,,
,,,,,,
,,,,,,
,,,,,,
,,,,,,
,,,,,,
,,,,,,
,,,,,,
,,,,,,
,,,,,,
,,,,,,
,,,,,,
,,,,,,
,,,,,,
,,,,,,
,,,,,,
,,,,,,
,,,,,,
,,,,,,
,,,,,,
,,,,,,
,,,,,,
,,,,,,
,,,,,,
,,,,,,
,,,,,,
,,,,,,
,,,,,,
,,,,,,
,,,,,,
,,,,,,
,,,,,,
,,,,,,
